"event_id","time_utc","magnitude","place","longitude","latitude","depth_km","detail_url"
"aka2026ttnoiv","2026-10-06T00:44:12Z",0.4,"58 km ENE of Pedro Bay, Alaska",-153.149,60.005,5.4,"https://earthquake.usgs.gov/earthquakes/eventpage/aka2026ttnoiv"
"ci41343847","2026-10-06T00:25:39Z",0.5,"9 km WNW of Anza, CA",-116.757666666667,33.587,12.5,"https://earthquake.usgs.gov/earthquakes/eventpage/ci41343847"
"ci41343831","2026-10-05T23:58:31Z",1.77,"21 km NW of Grapevine, CA",-119.1105,35.0646666666667,6.78,"https://earthquake.usgs.gov/earthquakes/eventpage/ci41343831"
"nc75445241","2026-10-05T23:53:54Z",2.2,"8 km ENE of Morgan Hill, CA",-121.56950378418,37.1640014648438,3.49000000953674,"https://earthquake.usgs.gov/earthquakes/eventpage/nc75445241"
"aka2026ttlabs","2026-10-05T23:27:53Z",2.1,"3 km SE of Primrose, Alaska",-149.297,60.319,15,"https://earthquake.usgs.gov/earthquakes/eventpage/aka2026ttlabs"
"pr71535858","2026-10-05T22:28:05Z",2.11,"4 km NW of Orocovis, Puerto Rico",-66.4236666666667,18.2586666666667,39.28,"https://earthquake.usgs.gov/earthquakes/eventpage/pr71535858"
"aka2026ttiodu","2026-10-05T22:14:04Z",1.4,"12 km N of Susitna North, Alaska",-149.888,62.269,18.1,"https://earthquake.usgs.gov/earthquakes/eventpage/aka2026ttiodu"
"ci41343799","2026-10-05T22:06:16Z",2.33,"32 km SW of Dana Point, CA",-117.939,33.2665,12.3,"https://earthquake.usgs.gov/earthquakes/eventpage/ci41343799"
"aka2026ttifsn","2026-10-05T22:04:20Z",0.6,"85 km NW of Karluk, Alaska",-155.355,58.167,5,"https://earthquake.usgs.gov/earthquakes/eventpage/aka2026ttifsn"
"uw714116541","2026-10-05T21:44:37Z",0.37,"11 km SW of Brinnon, Washington",-122.9805,47.5973333333333,18.61,"https://earthquake.usgs.gov/earthquakes/eventpage/uw714116541"
"aka2026tthnbf","2026-10-05T21:42:49Z",1.9,"31 km WNW of Willow, Alaska",-150.587,61.85,55.5,"https://earthquake.usgs.gov/earthquakes/eventpage/aka2026tthnbf"
"aka2026tthjua","2026-10-05T21:40:18Z",1.5,"12 km SW of Tyonek, Alaska",-151.308,60.988,65.4,"https://earthquake.usgs.gov/earthquakes/eventpage/aka2026tthjua"
"uw714116511","2026-10-05T21:30:16Z",0.96,"2 km ENE of Granite Falls, Washington",-121.940333333333,48.0905,-0.44,"https://earthquake.usgs.gov/earthquakes/eventpage/uw714116511"
"nn00925326","2026-10-05T21:24:35Z",1.85,"55 km S of Kingston, Nevada",-117.0384,38.7119,0.0023,"https://earthquake.usgs.gov/earthquakes/eventpage/nn00925326"
"uw714116491","2026-10-05T21:07:10Z",1.67,"3 km WSW of Hoodsport, Washington",-123.1835,47.3901666666667,14.17,"https://earthquake.usgs.gov/earthquakes/eventpage/uw714116491"
"ci41343791","2026-10-05T21:05:49Z",1.41,"7 km WNW of Lake Hughes, CA",-118.518666666667,34.7061666666667,10.55,"https://earthquake.usgs.gov/earthquakes/eventpage/ci41343791"
"ci41343775","2026-10-05T20:23:41Z",2.81,"32 km SW of Dana Point, CA",-117.938666666667,33.265,16.59,"https://earthquake.usgs.gov/earthquakes/eventpage/ci41343775"
"us6000tzsc","2026-10-05T20:22:59Z",5,"south of the Fiji Islands",179.8108,-24.4235,518.638,"https://earthquake.usgs.gov/earthquakes/eventpage/us6000tzsc"
"ci41343767","2026-10-05T20:22:30Z",3.48,"31 km SW of Dana Point, CA",-117.9315,33.2676666666667,11.27,"https://earthquake.usgs.gov/earthquakes/eventpage/ci41343767"
"tx2026tqajtr","2026-10-05T20:14:25Z",1.8,"60 km S of Whites City, New Mexico",-104.359,31.63,7.074,"https://earthquake.usgs.gov/earthquakes/eventpage/tx2026tqajtr"
"aka2026ttecdg","2026-10-05T20:00:17Z",1.9,"3 km SE of Houston, Alaska",-149.777,61.609,22.4,"https://earthquake.usgs.gov/earthquakes/eventpage/aka2026ttecdg"
"tx2026tpzuli","2026-10-05T19:59:24Z",2.1,"60 km S of Whites City, New Mexico",-104.367,31.632,6.5613,"https://earthquake.usgs.gov/earthquakes/eventpage/tx2026tpzuli"
"us6000tzry","2026-10-05T19:47:55Z",4.6,"12 km ENE of Metahāra, Ethiopia",40.0091,8.9608,10,"https://earthquake.usgs.gov/earthquakes/eventpage/us6000tzry"
"uw714116381","2026-10-05T19:30:41Z",1.67,"7 km SW of Troy, Idaho",-116.844333333333,46.6955,-0.81,"https://earthquake.usgs.gov/earthquakes/eventpage/uw714116381"
"pr71535848","2026-10-05T19:21:16Z",1.8,"1 km W of Lluveras, Puerto Rico",-66.9163333333333,18.0395,7.54,"https://earthquake.usgs.gov/earthquakes/eventpage/pr71535848"
"ci41343735","2026-10-05T19:15:39Z",0.61,"12 km NE of Julian, CA",-116.519333333333,33.156,5.03,"https://earthquake.usgs.gov/earthquakes/eventpage/ci41343735"
"ci41343727","2026-10-05T19:15:29Z",0.46,"4 km WSW of Anza, CA",-116.709166666667,33.5395,5.5,"https://earthquake.usgs.gov/earthquakes/eventpage/ci41343727"
"ci41343719","2026-10-05T19:13:28Z",1.06,"7 km NNE of Anza, CA",-116.656833333333,33.6151666666667,22.09,"https://earthquake.usgs.gov/earthquakes/eventpage/ci41343719"
"nc75445131","2026-10-05T19:08:30Z",1.57,"6 km SW of Clayton, CA",-121.980163574219,37.8973350524902,8.82999992370605,"https://earthquake.usgs.gov/earthquakes/eventpage/nc75445131"
"aka2026ttcbtx","2026-10-05T18:59:39Z",1.9,"53 km NNE of Petersville, Alaska",-150.561,62.968,91.1,"https://earthquake.usgs.gov/earthquakes/eventpage/aka2026ttcbtx"
"ci41343703","2026-10-05T18:51:26Z",1.53,"7 km SSW of Mojave, CA",-118.196833333333,34.9911666666667,-0.72,"https://earthquake.usgs.gov/earthquakes/eventpage/ci41343703"
"aka2026ttbgfy","2026-10-05T18:35:02Z",1,"85 km NNW of Karluk, Alaska",-154.978,58.288,5,"https://earthquake.usgs.gov/earthquakes/eventpage/aka2026ttbgfy"
"us6000tzpz","2026-10-05T18:28:28Z",4.4,"21 km E of Kimbe, Papua New Guinea",150.325,-5.5191,124.862,"https://earthquake.usgs.gov/earthquakes/eventpage/us6000tzpz"
"ci41343695","2026-10-05T18:25:40Z",1.29,"13 km SW of Ocotillo Wells, CA",-116.216,33.0525,9.11,"https://earthquake.usgs.gov/earthquakes/eventpage/ci41343695"
"uw714116301","2026-10-05T18:24:43Z",1.44,"9 km NNE of Government Camp, Oregon",-121.704833333333,45.3778333333333,-0.01,"https://earthquake.usgs.gov/earthquakes/eventpage/uw714116301"
"ci41343687","2026-10-05T18:24:27Z",0.74,"1 km NNW of South Pasadena, CA",-118.159,34.1273333333333,13.1,"https://earthquake.usgs.gov/earthquakes/eventpage/ci41343687"
"ci41343679","2026-10-05T18:11:21Z",0.8,"11 km NE of Julian, CA",-116.5235,33.1535,5.61,"https://earthquake.usgs.gov/earthquakes/eventpage/ci41343679"
"uu80158611","2026-10-05T18:10:03Z",1.87,"13 km NE of Milford, Utah",-112.899,38.4786666666667,3.64,"https://earthquake.usgs.gov/earthquakes/eventpage/uu80158611"
"ok2026tnmf","2026-10-05T18:07:06Z",1.26,"8 km ESE of Vinita, Oklahoma",-95.06583333,36.61766667,0,"https://earthquake.usgs.gov/earthquakes/eventpage/ok2026tnmf"
"aka2026ttagyp","2026-10-05T18:05:53Z",2.7,"81 km W of Karluk, Alaska",-155.806,57.638,1,"https://earthquake.usgs.gov/earthquakes/eventpage/aka2026ttagyp"
"nc75445086","2026-10-05T18:05:11Z",1.07,"11 km WNW of Cobb, CA",-122.847999572754,38.8520011901855,1.5900000333786,"https://earthquake.usgs.gov/earthquakes/eventpage/nc75445086"
"nc75445081","2026-10-05T18:05:05Z",0.74,"11 km WNW of Cobb, CA",-122.846832275391,38.8525009155273,1.76999998092651,"https://earthquake.usgs.gov/earthquakes/eventpage/nc75445081"
"pr71535828","2026-10-05T17:55:10Z",1.31,"6 km E of La Parguera, Puerto Rico",-66.985,17.9643333333333,11.59,"https://earthquake.usgs.gov/earthquakes/eventpage/pr71535828"
"ci41343663","2026-10-05T17:47:14Z",0.51,"12 km W of Anza, CA",-116.803333333333,33.5698333333333,6.71,"https://earthquake.usgs.gov/earthquakes/eventpage/ci41343663"
"aka2026tsznnh","2026-10-05T17:43:28Z",1.9,"78 km W of Karluk, Alaska",-155.773,57.617,6.4,"https://earthquake.usgs.gov/earthquakes/eventpage/aka2026tsznnh"
"aka2026tszhfb","2026-10-05T17:36:10Z",0.6,"49 km WNW of Tyonek, Alaska",-152.023,61.17,20.4,"https://earthquake.usgs.gov/earthquakes/eventpage/aka2026tszhfb"
"us6000tzpp","2026-10-05T17:30:40Z",3.9,"247 km WNW of Port McNeill, Canada",-130.3859,51.3621,10,"https://earthquake.usgs.gov/earthquakes/eventpage/us6000tzpp"
"tx2026tpuxqn","2026-10-05T17:29:19Z",1.1,"18 km SSE of Ackerly, Texas",-101.641,32.372,7.6904,"https://earthquake.usgs.gov/earthquakes/eventpage/tx2026tpuxqn"
"us6000tzpq","2026-10-05T17:28:24Z",4.7,"105 km WNW of Höfn, Iceland",-17.3115,64.5091,10,"https://earthquake.usgs.gov/earthquakes/eventpage/us6000tzpq"
"aka2026tsyyhy","2026-10-05T17:25:55Z",0.3,"61 km ENE of Pedro Bay, Alaska",-153.112,60.031,0.2,"https://earthquake.usgs.gov/earthquakes/eventpage/aka2026tsyyhy"
"tx2026tputog","2026-10-05T17:24:06Z",2.6,"12 km ESE of Pearsall, Texas",-98.978,28.853,7.1851,"https://earthquake.usgs.gov/earthquakes/eventpage/tx2026tputog"
"uu80158606","2026-10-05T17:21:07Z",0.68,"13 km NE of Milford, Utah",-112.894666666667,38.4815,3.81,"https://earthquake.usgs.gov/earthquakes/eventpage/uu80158606"
"nc75445061","2026-10-05T17:16:15Z",1.03,"6 km NW of The Geysers, CA",-122.818000793457,38.8095016479492,2.84999990463257,"https://earthquake.usgs.gov/earthquakes/eventpage/nc75445061"
"uw714116191","2026-10-05T17:05:23Z",1.38,"9 km WSW of Friday Harbor, Washington",-123.140666666667,48.5,25.1,"https://earthquake.usgs.gov/earthquakes/eventpage/uw714116191"
"ci41343631","2026-10-05T16:59:01Z",1.29,"8 km WSW of Ocotillo, CA",-116.0715,32.7045,9.83,"https://earthquake.usgs.gov/earthquakes/eventpage/ci41343631"
"nc75445051","2026-10-05T16:57:57Z",0.74,"2 km ESE of The Geysers, CA",-122.731163024902,38.7688331604004,1.33000004291534,"https://earthquake.usgs.gov/earthquakes/eventpage/nc75445051"
"aka2026tsxxtn","2026-10-05T16:55:19Z",3.4,"83 km W of Karluk, Alaska",-155.849,57.65,5,"https://earthquake.usgs.gov/earthquakes/eventpage/aka2026tsxxtn"
"nc75445046","2026-10-05T16:48:00Z",1.44,"5 km NNW of The Geysers, CA",-122.785835266113,38.8146667480469,1.91999995708466,"https://earthquake.usgs.gov/earthquakes/eventpage/nc75445046"
"aka2026tsxnsm","2026-10-05T16:43:46Z",2.3,"20 km WSW of Susitna North, Alaska",-150.227,62.097,48.1,"https://earthquake.usgs.gov/earthquakes/eventpage/aka2026tsxnsm"
"ci41343615","2026-10-05T16:29:38Z",1.71,"8 km NNE of Cabazon, CA",-116.740833333333,33.9831666666667,13.72,"https://earthquake.usgs.gov/earthquakes/eventpage/ci41343615"
"uu80158601","2026-10-05T16:28:01Z",1.29,"13 km NE of Milford, Utah",-112.8955,38.4815,3.79,"https://earthquake.usgs.gov/earthquakes/eventpage/uu80158601"
"uw714116161","2026-10-05T16:19:45Z",0.360000014,"6 km E of Kapowsin, Washington",-122.139831542969,46.9785003662109,12.8800001144409,"https://earthquake.usgs.gov/earthquakes/eventpage/uw714116161"
"ci41343599","2026-10-05T16:18:05Z",1.29,"9 km NNE of Cabazon, CA",-116.7395,33.983,13.43,"https://earthquake.usgs.gov/earthquakes/eventpage/ci41343599"
"aka2026tswpdq","2026-10-05T16:15:23Z",0.3,"63 km ENE of Pedro Bay, Alaska",-153.065,60.014,5,"https://earthquake.usgs.gov/earthquakes/eventpage/aka2026tswpdq"
"ci41343591","2026-10-05T16:12:33Z",1.49,"21 km NW of Grapevine, CA",-119.109166666667,35.0563333333333,10.42,"https://earthquake.usgs.gov/earthquakes/eventpage/ci41343591"
"aka2026tswjcq","2026-10-05T16:10:50Z",2.9,"45 km WNW of Beluga, Alaska",-151.817,61.35,92.9,"https://earthquake.usgs.gov/earthquakes/eventpage/aka2026tswjcq"
"aka2026tswdbj","2026-10-05T16:01:16Z",1.8,"47 km ENE of Pedro Bay, Alaska",-153.281,59.877,139.3,"https://earthquake.usgs.gov/earthquakes/eventpage/aka2026tswdbj"
"nc75445011","2026-10-05T15:56:36Z",2.81,"5 km NE of Hydesville, CA",-124.048500061035,40.5731658935547,20.6399993896484,"https://earthquake.usgs.gov/earthquakes/eventpage/nc75445011"
"aka2026tsvuvg","2026-10-05T15:51:56Z",0.6,"90 km NNW of Karluk, Alaska",-155.173,58.283,3.4,"https://earthquake.usgs.gov/earthquakes/eventpage/aka2026tsvuvg"
"hv75050252","2026-10-05T15:43:27Z",1.91,"51 km ESE of Naalehu, Hawaii",-155.162170410156,18.8241672515869,17.2099990844727,"https://earthquake.usgs.gov/earthquakes/eventpage/hv75050252"
"ci41343575","2026-10-05T15:43:25Z",1.11,"21 km NW of Grapevine, CA",-119.107166666667,35.0638333333333,5.76,"https://earthquake.usgs.gov/earthquakes/eventpage/ci41343575"
"ci41343567","2026-10-05T15:42:14Z",1.66,"8 km SE of Goleta, CA",-119.773333333333,34.385,6.08,"https://earthquake.usgs.gov/earthquakes/eventpage/ci41343567"
"ci41343551","2026-10-05T15:40:40Z",2.69,"7 km SE of Goleta, CA",-119.775833333333,34.3868333333333,9.27,"https://earthquake.usgs.gov/earthquakes/eventpage/ci41343551"
"av94461291","2026-10-05T15:38:14Z",-0.26,"82 km NW of Karluk, Alaska",-155.236166666667,58.187,1.8,"https://earthquake.usgs.gov/earthquakes/eventpage/av94461291"
"nc75444991","2026-10-05T15:28:54Z",0.21,"6 km W of Cobb, CA",-122.793334960938,38.8326683044434,2.47000002861023,"https://earthquake.usgs.gov/earthquakes/eventpage/nc75444991"
"aka2026tsutad","2026-10-05T15:19:52Z",1,"7 km NE of Livengood, Alaska",-148.441,65.572,2.2,"https://earthquake.usgs.gov/earthquakes/eventpage/aka2026tsutad"
"ci41343543","2026-10-05T15:17:52Z",0.43,"6 km S of Idyllwild, CA",-116.713666666667,33.6821666666667,14.99,"https://earthquake.usgs.gov/earthquakes/eventpage/ci41343543"
"nc75444986","2026-10-05T15:17:02Z",1.48,"13 km E of Yountville, CA",-122.216331481934,38.3969993591309,5.57000017166138,"https://earthquake.usgs.gov/earthquakes/eventpage/nc75444986"
"hv75050232","2026-10-05T15:17:02Z",2.12,"26 km E of Honaunau-Napoopoo, Hawaii",-155.609166666667,19.4458333333333,27.36,"https://earthquake.usgs.gov/earthquakes/eventpage/hv75050232"
"us6000tzp4","2026-10-05T15:07:50Z",4.3,"47 km SSW of Jurm, Afghanistan",70.6952,36.4528,190.787,"https://earthquake.usgs.gov/earthquakes/eventpage/us6000tzp4"
"nc75444981","2026-10-05T14:59:28Z",0.71,"7 km NW of The Geysers, CA",-122.814834594727,38.814998626709,2.94000005722046,"https://earthquake.usgs.gov/earthquakes/eventpage/nc75444981"
"nc75444976","2026-10-05T14:51:26Z",0.26,"3 km NNW of The Geysers, CA",-122.772003173828,38.7999992370605,1.3400000333786,"https://earthquake.usgs.gov/earthquakes/eventpage/nc75444976"
"aka2026tstlly","2026-10-05T14:41:10Z",0.7,"85 km NNW of Karluk, Alaska",-154.996,58.277,5,"https://earthquake.usgs.gov/earthquakes/eventpage/aka2026tstlly"
"ci41343535","2026-10-05T14:37:31Z",0.98,"3 km WSW of Brawley, CA",-115.560166666667,32.9661666666667,4.77,"https://earthquake.usgs.gov/earthquakes/eventpage/ci41343535"
"aka2026tssogi","2026-10-05T14:14:24Z",1.2,"39 km E of Livengood, Alaska",-147.703,65.473,5,"https://earthquake.usgs.gov/earthquakes/eventpage/aka2026tssogi"
"uu80158596","2026-10-05T14:08:07Z",1.37,"13 km NE of Milford, Utah",-112.900666666667,38.4791666666667,3.69,"https://earthquake.usgs.gov/earthquakes/eventpage/uu80158596"
"tx2026tpnrlm","2026-10-05T13:53:35Z",1.2,"35 km SE of Malaga, New Mexico",-103.768,32.037,7.9327,"https://earthquake.usgs.gov/earthquakes/eventpage/tx2026tpnrlm"
"nc75444951","2026-10-05T13:46:40Z",1.7,"4 km NW of Orinda, CA",-122.214500427246,37.8991661071777,6.55999994277954,"https://earthquake.usgs.gov/earthquakes/eventpage/nc75444951"
"tx2026tpnlkx","2026-10-05T13:43:34Z",1.6,"35 km SE of Malaga, New Mexico",-103.769,32.035,7.5867,"https://earthquake.usgs.gov/earthquakes/eventpage/tx2026tpnlkx"
"tx2026tpnibn","2026-10-05T13:39:55Z",1.8,"60 km S of Whites City, New Mexico",-104.344,31.633,6.0999,"https://earthquake.usgs.gov/earthquakes/eventpage/tx2026tpnibn"
"av94461211","2026-10-05T13:32:02Z",0.19,"102 km NNW of Karluk, Alaska",-154.905166666667,58.4585,8.2,"https://earthquake.usgs.gov/earthquakes/eventpage/av94461211"
"us6000tznu","2026-10-05T13:30:45Z",4.7,"75 km NNE of Yonakuni, Japan",123.2696,25.1037,156.219,"https://earthquake.usgs.gov/earthquakes/eventpage/us6000tznu"
"aka2026tsrbbn","2026-10-05T13:29:12Z",1.8,"49 km WNW of Valdez, Alaska",-147.128,61.365,17.6,"https://earthquake.usgs.gov/earthquakes/eventpage/aka2026tsrbbn"
"aka2026tsqqys","2026-10-05T13:17:33Z",0.5,"53 km ENE of Pedro Bay, Alaska",-153.207,59.936,5,"https://earthquake.usgs.gov/earthquakes/eventpage/aka2026tsqqys"
"us6000tznr","2026-10-05T13:05:50Z",4.4,"53 km NNE of Ruteng, Indonesia",120.7072,-8.1959,10,"https://earthquake.usgs.gov/earthquakes/eventpage/us6000tznr"
"aka2026tsqesh","2026-10-05T13:03:25Z",2.1,"69 km NE of Chignik, Alaska",-157.702,56.784,89.4,"https://earthquake.usgs.gov/earthquakes/eventpage/aka2026tsqesh"
"tx2026tpmbdb","2026-10-05T13:01:20Z",1.9,"17 km ESE of Pearsall, Texas",-98.931,28.831,8.0679,"https://earthquake.usgs.gov/earthquakes/eventpage/tx2026tpmbdb"
"nc75444936","2026-10-05T12:58:27Z",1.41,"16 km NW of Pinnacles, CA",-121.278999328613,36.6308326721191,5.1399998664856,"https://earthquake.usgs.gov/earthquakes/eventpage/nc75444936"
"aka2026tspquy","2026-10-05T12:47:24Z",0.7,"65 km ENE of Pedro Bay, Alaska",-153.016,60.013,5,"https://earthquake.usgs.gov/earthquakes/eventpage/aka2026tspquy"
"hv75050162","2026-10-05T12:31:43Z",3.59,"12 km SW of Volcano, Hawaii",-155.300666666667,19.3546666666667,28.21,"https://earthquake.usgs.gov/earthquakes/eventpage/hv75050162"
"ci41343503","2026-10-05T12:28:43Z",1.19,"10 km WSW of Idyllwild, CA",-116.808,33.6916666666667,15.9,"https://earthquake.usgs.gov/earthquakes/eventpage/ci41343503"
"ci41343495","2026-10-05T12:28:40Z",0.16,"9 km SW of Idyllwild, CA",-116.7995,33.6936666666667,16.1,"https://earthquake.usgs.gov/earthquakes/eventpage/ci41343495"
"tx2026tpkyfx","2026-10-05T12:27:51Z",2.7,"21 km NNW of Midland, Texas",-102.171,32.174,10.6689,"https://earthquake.usgs.gov/earthquakes/eventpage/tx2026tpkyfx"
"ci41343487","2026-10-05T12:20:53Z",0.3,"11 km S of Anza, CA",-116.663666666667,33.4526666666667,3.9,"https://earthquake.usgs.gov/earthquakes/eventpage/ci41343487"
"us6000tznk","2026-10-05T12:17:22Z",4.4,"54 km WSW of Tambolaka, Indonesia",118.824,-9.6952,39.453,"https://earthquake.usgs.gov/earthquakes/eventpage/us6000tznk"
"hv75050157","2026-10-05T12:16:31Z",1.76,"4 km SSW of Pāhala, Hawaii",-155.495162963867,19.1695003509521,29.8700008392334,"https://earthquake.usgs.gov/earthquakes/eventpage/hv75050157"
"aka2026tsoksi","2026-10-05T12:10:11Z",2.6,"70 km WNW of Happy Valley, Alaska",-152.939,60.132,125.3,"https://earthquake.usgs.gov/earthquakes/eventpage/aka2026tsoksi"
"uu80008163","2026-10-05T12:06:22Z",0.23,"15 km SW of Orderville, Utah",-112.760666666667,37.1756666666667,11.47,"https://earthquake.usgs.gov/earthquakes/eventpage/uu80008163"
"aka2026tsobdx","2026-10-05T11:59:21Z",1.5,"72 km W of Karluk, Alaska",-155.666,57.593,19,"https://earthquake.usgs.gov/earthquakes/eventpage/aka2026tsobdx"
"ci41343479","2026-10-05T11:55:48Z",0.9,"4 km SSW of Redlands, CA",-117.1945,34.017,3.98,"https://earthquake.usgs.gov/earthquakes/eventpage/ci41343479"
"ci41343471","2026-10-05T11:50:30Z",1.44,"5 km SSW of Redlands, CA",-117.193166666667,34.0158333333333,3.61,"https://earthquake.usgs.gov/earthquakes/eventpage/ci41343471"
"us6000tznh","2026-10-05T11:47:07Z",4.6,"21 km S of Luganville, Vanuatu",167.1484,-15.7157,35,"https://earthquake.usgs.gov/earthquakes/eventpage/us6000tznh"
"nc75444921","2026-10-05T11:45:06Z",1.59,"1 km NW of The Geysers, CA",-122.763999938965,38.7838325500488,4.1100001335144,"https://earthquake.usgs.gov/earthquakes/eventpage/nc75444921"
"ci41343463","2026-10-05T11:41:51Z",0.62,"17 km SW of La Quinta, CA",-116.4355,33.551,6.8,"https://earthquake.usgs.gov/earthquakes/eventpage/ci41343463"
"ci41343455","2026-10-05T11:40:47Z",1.2,"5 km SSW of Redlands, CA",-117.193833333333,34.015,3.63,"https://earthquake.usgs.gov/earthquakes/eventpage/ci41343455"
"ci41343447","2026-10-05T11:27:38Z",0.76,"18 km W of Johannesburg, CA",-117.827,35.3936666666667,6.98,"https://earthquake.usgs.gov/earthquakes/eventpage/ci41343447"
"hv75050127","2026-10-05T11:25:59Z",1.77,"19 km SSW of Pa‘auilo, Hawaii",-155.471160888672,19.8904991149902,28.1399993896484,"https://earthquake.usgs.gov/earthquakes/eventpage/hv75050127"
"tx2026tpiudk","2026-10-05T11:22:43Z",1.5,"40 km ESE of Malaga, New Mexico",-103.676,32.08,7.9071,"https://earthquake.usgs.gov/earthquakes/eventpage/tx2026tpiudk"
"av94461146","2026-10-05T11:22:11Z",-0.05,"18 km W of Dutch Harbor, Alaska",-166.826666666667,53.9096666666667,2.45,"https://earthquake.usgs.gov/earthquakes/eventpage/av94461146"
"nc75444911","2026-10-05T11:19:29Z",0.99,"7 km NW of The Geysers, CA",-122.8056640625,38.8221664428711,2.5699999332428,"https://earthquake.usgs.gov/earthquakes/eventpage/nc75444911"
"aka2026tsmsef","2026-10-05T11:19:00Z",1.2,"43 km E of Stevens Village, Alaska",-148.136,65.994,11,"https://earthquake.usgs.gov/earthquakes/eventpage/aka2026tsmsef"
"nn00925310","2026-10-05T11:18:54Z",1.73,"74 km ENE of Tonopah, Nevada",-116.5148,38.4273,6.4176,"https://earthquake.usgs.gov/earthquakes/eventpage/nn00925310"
"av93067784","2026-10-05T11:18:34Z",0.01,"17 km W of Dutch Harbor, Alaska",-166.813333333333,53.8996666666667,1.28,"https://earthquake.usgs.gov/earthquakes/eventpage/av93067784"
"av94461136","2026-10-05T11:16:42Z",-0.04,"56 km WNW of Tyonek, Alaska",-152.117166666667,61.2401666666667,9.47,"https://earthquake.usgs.gov/earthquakes/eventpage/av94461136"
"ci41343439","2026-10-05T11:10:38Z",0.84,"5 km SSW of Redlands, CA",-117.196166666667,34.0166666666667,4.15,"https://earthquake.usgs.gov/earthquakes/eventpage/ci41343439"
"aka2026tsmher","2026-10-05T11:06:22Z",3,"50 km WNW of Ninilchik, Alaska",-152.492,60.241,104.7,"https://earthquake.usgs.gov/earthquakes/eventpage/aka2026tsmher"
"uw714116001","2026-10-05T11:02:07Z",0.13,"7 km NNE of Ashford, Washington",-121.9755,46.8173333333333,11.03,"https://earthquake.usgs.gov/earthquakes/eventpage/uw714116001"
"av93067779","2026-10-05T11:01:03Z",-0.19,"97 km NNW of Karluk, Alaska",-154.785,58.4256666666667,5.62,"https://earthquake.usgs.gov/earthquakes/eventpage/av93067779"
"us6000tzna","2026-10-05T10:52:09Z",5,"187 km ENE of Saipan, Northern Mariana Islands",147.395,15.8046,10,"https://earthquake.usgs.gov/earthquakes/eventpage/us6000tzna"
"hv75050117","2026-10-05T10:51:12Z",1.73,"27 km NNW of Pāhala, Hawaii",-155.600830078125,19.4214992523193,38.3899993896484,"https://earthquake.usgs.gov/earthquakes/eventpage/hv75050117"
"ci41343431","2026-10-05T10:46:47Z",0.67,"5 km SSW of Redlands, CA",-117.195333333333,34.0158333333333,3.25,"https://earthquake.usgs.gov/earthquakes/eventpage/ci41343431"
"ci41343423","2026-10-05T10:43:21Z",1.45,"5 km SSW of Redlands, CA",-117.194333333333,34.0148333333333,4.26,"https://earthquake.usgs.gov/earthquakes/eventpage/ci41343423"
"aka2026tslhrt","2026-10-05T10:38:03Z",2.7,"70 km SE of Perryville, Alaska",-158.484,55.405,14.3,"https://earthquake.usgs.gov/earthquakes/eventpage/aka2026tslhrt"
"hv75050107","2026-10-05T10:21:32Z",1.77,"10 km ENE of Pāhala, Hawaii",-155.378662109375,19.2273330688477,30.2199993133545,"https://earthquake.usgs.gov/earthquakes/eventpage/hv75050107"
"nc75444906","2026-10-05T10:20:32Z",0.69,"5 km WNW of Cobb, CA",-122.784164428711,38.8351669311523,1.71000003814697,"https://earthquake.usgs.gov/earthquakes/eventpage/nc75444906"
"nc75444901","2026-10-05T10:15:02Z",1.65,"5 km WNW of Cobb, CA",-122.783668518066,38.8344993591309,1.95000004768372,"https://earthquake.usgs.gov/earthquakes/eventpage/nc75444901"
"ci41343415","2026-10-05T10:03:43Z",1.41,"5 km SW of Idyllwild, CA",-116.756166666667,33.708,16.25,"https://earthquake.usgs.gov/earthquakes/eventpage/ci41343415"
"nc75444891","2026-10-05T09:57:31Z",1.88,"14 km W of Petrolia, CA",-124.447998046875,40.304500579834,8.64999961853027,"https://earthquake.usgs.gov/earthquakes/eventpage/nc75444891"
"aka2026tsjkav","2026-10-05T09:39:40Z",0.9,"5 km NW of Farm Loop, Alaska",-149.209,61.673,5,"https://earthquake.usgs.gov/earthquakes/eventpage/aka2026tsjkav"
"uw714115991","2026-10-05T09:26:05Z",0.05,"38 km NNE of Amboy, Washington",-122.190333333333,46.2041666666667,0.78,"https://earthquake.usgs.gov/earthquakes/eventpage/uw714115991"
"nc75444886","2026-10-05T09:16:12Z",0.98,"8 km WNW of Cobb, CA",-122.807998657227,38.8370018005371,2.19000005722046,"https://earthquake.usgs.gov/earthquakes/eventpage/nc75444886"
"aka2026tsilpa","2026-10-05T09:14:52Z",2,"41 km SW of Nanwalek, Alaska",-152.374,59.067,74.8,"https://earthquake.usgs.gov/earthquakes/eventpage/aka2026tsilpa"
"ci41343407","2026-10-05T09:05:01Z",0.89,"4 km SE of Yorba Linda, CA",-117.774666666667,33.864,9.43,"https://earthquake.usgs.gov/earthquakes/eventpage/ci41343407"
"uw714115981","2026-10-05T09:03:45Z",0.12,"38 km NNE of Amboy, Washington",-122.183333333333,46.2003333333333,1.87,"https://earthquake.usgs.gov/earthquakes/eventpage/uw714115981"
"hv75050097","2026-10-05T09:01:09Z",1.85,"4 km S of Pāhala, Hawaii",-155.486663818359,19.1636657714844,10.0500001907349,"https://earthquake.usgs.gov/earthquakes/eventpage/hv75050097"
"aka2026tshtjs","2026-10-05T08:50:28Z",0.4,"63 km ENE of Pedro Bay, Alaska",-153.091,60.035,5,"https://earthquake.usgs.gov/earthquakes/eventpage/aka2026tshtjs"
"av94461046","2026-10-05T08:35:46Z",-0.09,"63 km ENE of Pedro Bay, Alaska",-153.0765,60.0211666666667,-0.64,"https://earthquake.usgs.gov/earthquakes/eventpage/av94461046"
"aka2026tshelq","2026-10-05T08:33:15Z",2.4,"64 km S of Cantwell, Alaska",-148.854,62.814,5,"https://earthquake.usgs.gov/earthquakes/eventpage/aka2026tshelq"
"aka2026tshdhn","2026-10-05T08:32:06Z",1.2,"69 km ENE of Pedro Bay, Alaska",-152.978,60.058,118.4,"https://earthquake.usgs.gov/earthquakes/eventpage/aka2026tshdhn"
"pr71535823","2026-10-05T08:00:10Z",2.9,"42 km NW of San Antonio, Puerto Rico",-67.3246666666667,18.8148333333333,13.45,"https://earthquake.usgs.gov/earthquakes/eventpage/pr71535823"
"ci41343391","2026-10-05T07:50:20Z",0.5,"9 km WNW of Anza, CA",-116.759833333333,33.5843333333333,11.77,"https://earthquake.usgs.gov/earthquakes/eventpage/ci41343391"
"ci41343383","2026-10-05T07:48:39Z",0.97,"3 km NE of Imperial Beach, CA",-117.0925,32.6015,11.78,"https://earthquake.usgs.gov/earthquakes/eventpage/ci41343383"
"aka2026tsfrqx","2026-10-05T07:48:21Z",2.2,"64 km SE of Denali National Park, Alaska",-150.732,63.178,128.1,"https://earthquake.usgs.gov/earthquakes/eventpage/aka2026tsfrqx"
"nc75444871","2026-10-05T07:44:33Z",1.04,"7 km W of Cobb, CA",-122.807830810547,38.8331680297852,2.1800000667572,"https://earthquake.usgs.gov/earthquakes/eventpage/nc75444871"
"nc75444866","2026-10-05T07:39:30Z",1.3,"8 km NW of The Geysers, CA",-122.813835144043,38.829833984375,1.77999997138977,"https://earthquake.usgs.gov/earthquakes/eventpage/nc75444866"
"tx2026tpbhbg","2026-10-05T07:36:19Z",1.9,"17 km ESE of Pearsall, Texas",-98.933,28.827,7.1901,"https://earthquake.usgs.gov/earthquakes/eventpage/tx2026tpbhbg"
"aka2026tseoxn","2026-10-05T07:15:10Z",1.9,"29 km W of Aleneva, Alaska",-153.412,58.046,58.1,"https://earthquake.usgs.gov/earthquakes/eventpage/aka2026tseoxn"
"us6000tzmt","2026-10-05T07:13:38Z",4.9,"Volcano Islands, Japan region",144.0442,22.8488,35,"https://earthquake.usgs.gov/earthquakes/eventpage/us6000tzmt"
"nc75444861","2026-10-05T07:06:13Z",0.75,"3 km NW of The Geysers, CA",-122.782997131348,38.7948341369629,3.40000009536743,"https://earthquake.usgs.gov/earthquakes/eventpage/nc75444861"
"tx2026tozylo","2026-10-05T06:56:17Z",1.6,"14 km ESE of Pearsall, Texas",-98.949,28.855,5.38,"https://earthquake.usgs.gov/earthquakes/eventpage/tx2026tozylo"
"ci41343375","2026-10-05T06:56:03Z",0.7,"19 km ESE of Anza, CA",-116.494833333333,33.475,12.96,"https://earthquake.usgs.gov/earthquakes/eventpage/ci41343375"
"ci41343367","2026-10-05T06:42:19Z",1.58,"24 km ESE of Ocotillo Wells, CA",-115.8945,33.058,5.13,"https://earthquake.usgs.gov/earthquakes/eventpage/ci41343367"
"aka2026tsczai","2026-10-05T06:27:02Z",2.1,"16 km SSE of Fox River, Alaska",-150.811,59.735,47.7,"https://earthquake.usgs.gov/earthquakes/eventpage/aka2026tsczai"
"ci41343359","2026-10-05T06:20:28Z",1.03,"5 km SE of Loma Linda, CA",-117.226333333333,34.0185,16.76,"https://earthquake.usgs.gov/earthquakes/eventpage/ci41343359"
"hv75050042","2026-10-05T06:18:02Z",2.37,"26 km E of Honaunau-Napoopoo, Hawaii",-155.615166666667,19.4613333333333,34.39,"https://earthquake.usgs.gov/earthquakes/eventpage/hv75050042"
"pr71535818","2026-10-05T06:17:40Z",2.12,"4 km SE of La Parguera, Puerto Rico",-67.0188333333333,17.9493333333333,4.15,"https://earthquake.usgs.gov/earthquakes/eventpage/pr71535818"
"us6000tzmk","2026-10-05T06:14:15Z",4.8,"191 km ESE of Sarangani, Philippines",126.9394,4.4975,51.291,"https://earthquake.usgs.gov/earthquakes/eventpage/us6000tzmk"
"ci41343351","2026-10-05T06:11:37Z",1.52,"13 km NE of Coso Junction, CA",-117.868,36.1415,3.65,"https://earthquake.usgs.gov/earthquakes/eventpage/ci41343351"
"pr71535793","2026-10-05T06:02:03Z",2.46,"17 km NNE of Isabela, Puerto Rico",-66.9353333333333,18.6348333333333,21.28,"https://earthquake.usgs.gov/earthquakes/eventpage/pr71535793"
"av94460906","2026-10-05T05:58:06Z",-0.92,"59 km ENE of Pedro Bay, Alaska",-153.1255,59.9983333333333,0.93,"https://earthquake.usgs.gov/earthquakes/eventpage/av94460906"
"hv75050032","2026-10-05T05:57:42Z",1.5,"13 km S of Fern Forest, Hawaii",-155.1435,19.3473333333333,7.32,"https://earthquake.usgs.gov/earthquakes/eventpage/hv75050032"
"av94460896","2026-10-05T05:50:17Z",0.37,"92 km SE of Kokhanok, Alaska",-153.751,58.7983333333333,3.45,"https://earthquake.usgs.gov/earthquakes/eventpage/av94460896"
"aka2026tsbnyn","2026-10-05T05:44:13Z",1.7,"29 km WNW of Tyonek, Alaska",-151.664,61.136,86.8,"https://earthquake.usgs.gov/earthquakes/eventpage/aka2026tsbnyn"
"nn00925296","2026-10-05T05:42:08Z",2.45,"55 km NE of Valmy, Nevada",-116.7,41.1683,11.3772,"https://earthquake.usgs.gov/earthquakes/eventpage/nn00925296"
"aka2026tsbgab","2026-10-05T05:35:04Z",2,"24 km WNW of Petersville, Alaska",-151.207,62.587,87.4,"https://earthquake.usgs.gov/earthquakes/eventpage/aka2026tsbgab"
"us6000tzme","2026-10-05T05:26:44Z",5,"71 km E of ‘Ohonua, Tonga",-174.2679,-21.4208,10,"https://earthquake.usgs.gov/earthquakes/eventpage/us6000tzme"
"ci41343343","2026-10-05T05:24:48Z",1.51,"1 km NW of Loma Linda, CA",-117.267333333333,34.0545,17.25,"https://earthquake.usgs.gov/earthquakes/eventpage/ci41343343"
"aka2026tsawar","2026-10-05T05:23:38Z",1.9,"53 km ESE of Pedro Bay, Alaska",-153.183,59.678,107.2,"https://earthquake.usgs.gov/earthquakes/eventpage/aka2026tsawar"
"nc75444826","2026-10-05T05:22:10Z",0.72,"3 km ESE of The Geysers, CA",-122.728332519531,38.7690010070801,9.90999984741211,"https://earthquake.usgs.gov/earthquakes/eventpage/nc75444826"
"nc75444821","2026-10-05T05:20:22Z",2.3,"38 km NNE of Toms Place, CA",-118.539497375488,37.8839988708496,14.3900003433228,"https://earthquake.usgs.gov/earthquakes/eventpage/nc75444821"
"ci41343327","2026-10-05T05:18:39Z",0.23,"1 km SSW of Lake Henshaw, CA",-116.766666666667,33.2346666666667,13.15,"https://earthquake.usgs.gov/earthquakes/eventpage/ci41343327"
"nc75444816","2026-10-05T05:11:44Z",2.37,"38 km NNE of Toms Place, CA",-118.542167663574,37.8871650695801,15.0299997329712,"https://earthquake.usgs.gov/earthquakes/eventpage/nc75444816"
"nc75444811","2026-10-05T05:03:35Z",0.87,"3 km ESE of Berkeley, CA",-122.24666595459,37.8660011291504,4.48999977111816,"https://earthquake.usgs.gov/earthquakes/eventpage/nc75444811"
"nc75444806","2026-10-05T04:43:34Z",0.83,"6 km WNW of Cobb, CA",-122.792663574219,38.8368339538574,1.79999995231628,"https://earthquake.usgs.gov/earthquakes/eventpage/nc75444806"
"aka2026trzkej","2026-10-05T04:39:59Z",1.7,"102 km W of Skwentna, Alaska",-153.335,62.093,60,"https://earthquake.usgs.gov/earthquakes/eventpage/aka2026trzkej"
"ci41343311","2026-10-05T04:28:32Z",0.56,"4 km WSW of Anza, CA",-116.707666666667,33.5361666666667,5.49,"https://earthquake.usgs.gov/earthquakes/eventpage/ci41343311"
"pr71535778","2026-10-05T04:20:00Z",2.09,"0 km NNW of Maria Antonia, Puerto Rico",-66.8915,17.9835,13.88,"https://earthquake.usgs.gov/earthquakes/eventpage/pr71535778"
"us6000tzm7","2026-10-05T04:16:23Z",4.5,"Kuril Islands",151.8684,45.953,35,"https://earthquake.usgs.gov/earthquakes/eventpage/us6000tzm7"
"nc75444796","2026-10-05T04:06:50Z",1.37,"6 km WNW of Yountville, CA",-122.426002502441,38.4179992675781,6.98999977111816,"https://earthquake.usgs.gov/earthquakes/eventpage/nc75444796"
"nc75444791","2026-10-05T04:01:57Z",0.73,"9 km WNW of The Geysers, CA",-122.842002868652,38.8190002441406,2.11999988555908,"https://earthquake.usgs.gov/earthquakes/eventpage/nc75444791"
"ci41343303","2026-10-05T03:54:10Z",0.62,"18 km ESE of Little Lake, CA",-117.718,35.89,8.86,"https://earthquake.usgs.gov/earthquakes/eventpage/ci41343303"
"uu80158591","2026-10-05T03:36:25Z",0.53,"29 km ESE of West Yellowstone, Montana",-110.744,44.5853333333333,8.23,"https://earthquake.usgs.gov/earthquakes/eventpage/uu80158591"
"uu80158586","2026-10-05T03:34:08Z",0.51,"29 km ESE of West Yellowstone, Montana",-110.748666666667,44.5815,8.2,"https://earthquake.usgs.gov/earthquakes/eventpage/uu80158586"
"hv75049952","2026-10-05T03:22:57Z",1.58,"13 km ENE of Pāhala, Hawaii",-155.3715,19.2616666666667,32.11,"https://earthquake.usgs.gov/earthquakes/eventpage/hv75049952"
"aka2026trwmwc","2026-10-05T03:13:06Z",1,"89 km SE of King Salmon, Alaska",-155.508,58.163,5,"https://earthquake.usgs.gov/earthquakes/eventpage/aka2026trwmwc"
"nc75444776","2026-10-05T03:11:02Z",0.81,"3 km NW of The Geysers, CA",-122.778335571289,38.7919998168945,2.41000008583069,"https://earthquake.usgs.gov/earthquakes/eventpage/nc75444776"
"pr71535773","2026-10-05T03:07:50Z",3,"34 km NNE of San Juan, Puerto Rico",-66.0351666666667,18.7735,42.84,"https://earthquake.usgs.gov/earthquakes/eventpage/pr71535773"
"pr71535753","2026-10-05T03:05:50Z",2.91,"65 km NE of Cruz Bay, U.S. Virgin Islands",-64.437,18.817,23.55,"https://earthquake.usgs.gov/earthquakes/eventpage/pr71535753"
"av94460786","2026-10-05T02:43:12Z",-0.57,"83 km NW of Karluk, Alaska",-155.295666666667,58.1745,-1.36,"https://earthquake.usgs.gov/earthquakes/eventpage/av94460786"
"mb90210028","2026-10-05T02:34:54Z",3.25,"13 km N of Ovando, Montana",-113.108,47.1368333333333,5,"https://earthquake.usgs.gov/earthquakes/eventpage/mb90210028"
"nc75444756","2026-10-05T02:27:54Z",0.36,"10 km WNW of The Geysers, CA",-122.853996276855,38.826831817627,2.05999994277954,"https://earthquake.usgs.gov/earthquakes/eventpage/nc75444756"
"us6000tzlz","2026-10-05T02:16:31Z",4.2,"111 km S of Dampit, Indonesia",112.9221,-9.2033,51.442,"https://earthquake.usgs.gov/earthquakes/eventpage/us6000tzlz"
"nc75444746","2026-10-05T02:13:36Z",1.09,"39 km E of Hydesville, CA",-123.640663146973,40.4843330383301,16.4200000762939,"https://earthquake.usgs.gov/earthquakes/eventpage/nc75444746"
"tx2026toqjaf","2026-10-05T02:06:42Z",1.8,"14 km ESE of Pearsall, Texas",-98.956,28.849,6.1022,"https://earthquake.usgs.gov/earthquakes/eventpage/tx2026toqjaf"
"ci41343295","2026-10-05T02:00:34Z",0.85,"22 km ESE of Anza, CA",-116.466,33.4645,3.05,"https://earthquake.usgs.gov/earthquakes/eventpage/ci41343295"
"tx2026toqcsq","2026-10-05T01:59:45Z",1.9,"61 km SSW of Whites City, New Mexico",-104.516,31.635,6.2537,"https://earthquake.usgs.gov/earthquakes/eventpage/tx2026toqcsq"
"nn00925282","2026-10-05T01:55:51Z",2.8,"22 km NNE of Yerington, Nevada",-119.0434,39.1649,6.445,"https://earthquake.usgs.gov/earthquakes/eventpage/nn00925282"
"ci41343279","2026-10-05T01:41:53Z",0.41,"20 km ESE of Anza, CA",-116.459833333333,33.509,3.47,"https://earthquake.usgs.gov/earthquakes/eventpage/ci41343279"
"tx2026topbej","2026-10-05T01:27:30Z",1.9,"60 km SSW of Whites City, New Mexico",-104.524,31.642,6.4587,"https://earthquake.usgs.gov/earthquakes/eventpage/tx2026topbej"
"nc75444691","2026-10-05T01:26:02Z",1.84,"7 km NW of North Lakeport, CA",-122.972663879395,39.123664855957,2.15000009536743,"https://earthquake.usgs.gov/earthquakes/eventpage/nc75444691"
"nm60628421","2026-10-05T01:24:07Z",1.85,"1 km SSW of Howardville, Missouri",-89.6091666666667,36.5548333333333,7.77,"https://earthquake.usgs.gov/earthquakes/eventpage/nm60628421"
"ci41343271","2026-10-05T01:23:29Z",0.35,"8 km SSW of Idyllwild, CA",-116.747333333333,33.6713333333333,15.21,"https://earthquake.usgs.gov/earthquakes/eventpage/ci41343271"
"us6000tzln","2026-10-05T01:20:21Z",4.4,"12 km N of Villa El Carmen, Nicaragua",-86.4891,12.0958,167.36,"https://earthquake.usgs.gov/earthquakes/eventpage/us6000tzln"
"us6000tzlp","2026-10-05T01:18:50Z",5.3,"central Mid-Atlantic Ridge",-19.965,-0.4325,10,"https://earthquake.usgs.gov/earthquakes/eventpage/us6000tzlp"
